{"cameraMode":{"drawMode":0,"name":"Shaded","section":"Shading Mode"},"sceneLighting":false,"audioPlay":false,"sceneViewState":{"m_AlwaysRefresh":false,"showFog":false,"showSkybox":false,"showFlares":false,"showImageEffects":false,"showParticleSystems":false,"showVisualEffectGraphs":true,"m_FxEnabled":true},"in2DMode":false,"pivot":{"x":0.043531715869903567,"y":0.7892296314239502,"z":0.0017339587211608887},"rotation":{"x":0.21604931354522706,"y":-0.33189162611961367,"z":0.07837465405464173,"w":0.914896547794342},"size":1.341585397720337,"orthographic":false}